wbgene,public_name,seqname,score,score_var,rank_score,rank_var,has_symbol,go_annotated,category,soo_bound_published,isp1_upregulated
WBGene00015573,C07G1.7,C07G1.7,218882.35547148553,37.700042770962035,1,1,False,False,Uncharacterised (no GO annotation),No,Yes
WBGene00009038,F22B3.7,F22B3.7,194176.44811129465,14.41725852137972,2,32,False,False,Uncharacterised (no GO annotation),No,Yes
WBGene00011009,cyp-14A4,R04D3.1,17601.7014401757,12.860306529297967,3,37,True,True,Xenobiotic detoxification,Yes,Yes
WBGene00008477,clec-17,E03H4.10,17083.876302493776,12.051701127914512,4,40,True,False,Uncharacterised (no GO annotation),No,Yes
WBGene00010127,F55G11.7,F55G11.7,4880.7999804484,9.603449116434229,5,52,False,True,Innate immunity,No,Yes
WBGene00018267,F41C3.1,F41C3.1,3539.8629369494533,20.506806582045584,6,15,False,False,Uncharacterised (no GO annotation),No,Yes
WBGene00008816,F14F8.8,F14F8.8,3277.781246752919,11.995962605280655,7,41,False,False,Uncharacterised (no GO annotation),No,Yes
WBGene00011305,hrg-9,R186.1,3020.754386580982,28.41459607812172,8,2,True,True,Other annotated function,No,Yes
WBGene00010273,srm-3,F58G6.2,2954.3498370668012,23.580260578365966,9,12,True,False,Uncharacterised (no GO annotation),No,Yes
WBGene00019967,cyp-33C8,R08F11.3,2628.6038637275083,24.088827889336205,10,9,True,True,Xenobiotic detoxification,Yes,Yes
WBGene00008296,cdr-2,C54D10.1,2477.091742920949,26.234182136555717,11,5,True,False,Uncharacterised (no GO annotation),Yes,Yes
WBGene00010705,cyp-14A1,K09A11.2,2383.9494322159944,24.799814568226456,12,6,True,True,Xenobiotic detoxification,Yes,Yes
WBGene00019515,ugt-19,K08B4.3,1991.9903621570058,24.61577797787094,13,7,True,True,Xenobiotic detoxification,Yes,Yes
WBGene00007691,cest-8,C23H4.2,1988.247452092447,16.105028595442462,14,27,True,True,Other annotated function,No,Yes
WBGene00016923,C54F6.5,C54F6.5,1879.6835426714624,6.191367516274767,15,61,False,False,Uncharacterised (no GO annotation),No,Yes
WBGene00004932,sod-3,C08A9.1,1554.0438904945731,17.803107235972707,16,22,True,True,Other annotated function,No,Yes
WBGene00010904,ugt-62,M88.1,1456.69235349996,17.127454031033718,17,24,True,True,Xenobiotic detoxification,Yes,Yes
WBGene00010215,nhr-193,F57G8.6,1137.6491534504348,17.073891790562907,18,25,True,True,Other annotated function,Yes,Yes
WBGene00003705,nhr-115,T27B7.4,942.6880635731956,14.078595816603281,19,34,True,True,Innate immunity,No,Yes
WBGene00017082,DC2.5,DC2.5,936.7927179954397,23.502376592814972,20,13,False,False,Uncharacterised (no GO annotation),No,Yes
WBGene00018206,ugt-61,F39G3.1,881.1365648984943,19.111361759200324,21,19,True,True,Xenobiotic detoxification,Yes,Yes
WBGene00012583,clec-4,Y38E10A.5,839.3680481389376,9.855917325196332,22,48,True,True,Other annotated function,No,Yes
WBGene00018955,F56C11.3,F56C11.3,775.7857668827784,23.86772430948787,23,10,False,True,Other annotated function,No,Yes
WBGene00003091,lys-2,Y22F5A.5,755.1164144845119,12.319607175598685,24,39,True,True,Innate immunity,No,Yes
WBGene00010238,F58B4.5,F58B4.5,728.1137419077346,16.406682481837112,25,26,False,False,Uncharacterised (no GO annotation),Yes,Yes
WBGene00018655,F49H12.4,F49H12.4,716.7127065104405,9.79217538395679,26,50,False,False,Uncharacterised (no GO annotation),No,No
WBGene00016046,C24B5.4,C24B5.4,686.2957304811206,24.2211830257012,27,8,False,True,Other annotated function,No,Yes
WBGene00003680,nhr-90,ZK488.2,684.9249686910142,23.662789074568334,28,11,True,True,Other annotated function,Yes,Yes
WBGene00020015,nhr-210,R11G11.12,626.104688165377,11.551182090775821,29,42,True,True,Other annotated function,Yes,Yes
WBGene00017726,F22H10.2,F22H10.2,619.920078390625,9.422471059408709,30,53,False,True,Innate immunity,Yes,Yes
WBGene00016698,C46A5.1,C46A5.1,602.1852309176353,19.164674925709726,31,18,False,True,Other annotated function,No,Yes
WBGene00010724,K09E9.1,K09E9.1,573.1427279683412,26.56686016260759,32,3,False,True,Other annotated function,No,Yes
WBGene00007991,C37A5.7,C37A5.7,561.4708591406243,20.44238405028849,33,17,False,False,Uncharacterised (no GO annotation),No,Yes
WBGene00012058,T26F2.2,T26F2.2,536.3290294311427,13.886327639130965,34,35,False,False,Uncharacterised (no GO annotation),No,Yes
WBGene00007885,ugt-21,C33A12.6,483.0690063772685,9.785957409995667,35,51,True,True,Xenobiotic detoxification,No,Yes
WBGene00045418,F15B9.10,F15B9.10,455.894849584951,26.42410365738183,36,4,False,True,Other annotated function,Yes,Yes
WBGene00016294,C31H2.4,C31H2.4,454.18311316551285,13.441548741298703,37,36,False,True,Other annotated function,No,Yes
WBGene00011564,ugt-50,T07C5.1,449.8076718102619,20.45930429864602,38,16,True,True,Xenobiotic detoxification,Yes,Yes
WBGene00019738,clec-265,M02F4.7,449.0887714988609,8.08382947318415,39,59,True,False,Uncharacterised (no GO annotation),No,Yes
WBGene00021654,Y47G7B.2,Y47G7B.2,412.91604128341976,10.11781209799134,40,45,False,False,Uncharacterised (no GO annotation),No,Yes
WBGene00017861,F27D9.2,F27D9.2,397.9672133842494,14.599576354751674,41,31,False,True,Other annotated function,No,Yes
WBGene00077771,tspo-1,C41G7.9,382.42288527411154,18.225206420801182,42,21,True,True,Other annotated function,Yes,Yes
WBGene00013091,Y51B9A.9,Y51B9A.9,332.5923954078761,7.374994334303706,43,60,False,True,Other annotated function,No,No
WBGene00009595,cbp-3,F40F12.7,325.32723574999557,8.422587113239189,44,57,True,True,Other annotated function,No,Yes
WBGene00001028,dnj-10,F22B7.5,306.6807982871159,17.14101078135754,45,23,True,True,Folding/QC (census),No,Yes
WBGene00016442,C35D10.5,C35D10.5,299.1984376669816,14.75299758002338,46,30,False,True,Other annotated function,No,Yes
WBGene00000761,coq-1,C24A11.9,284.8514657109532,12.377044161873423,47,38,True,True,Other annotated function,Yes,Yes
WBGene00003960,pcs-1,F54D5.1,284.2692476189747,23.279081093669806,48,14,True,True,Other annotated function,Yes,Yes
WBGene00013532,Y73F8A.27,Y73F8A.27,282.0478816614423,15.337819210173553,49,29,False,True,Other annotated function,Yes,Yes
WBGene00000767,coq-8,C35D10.4,275.4639916044251,14.166316610459702,50,33,True,True,Other annotated function,No,Yes
WBGene00001813,haf-3,F57A10.3,271.6700823279908,15.982201989407633,51,28,True,True,Other annotated function,Yes,Yes
WBGene00003655,nhr-65,Y17D7A.3,256.78475777965,9.876594937319291,52,47,True,True,Other annotated function,Yes,Yes
WBGene00019261,H34I24.2,H34I24.2,249.86769358398726,11.03333086784584,53,43,False,False,Uncharacterised (no GO annotation),No,No
WBGene00004201,prx-19,F54F2.8,239.45274948657038,18.344034632646714,54,20,True,True,Other annotated function,Yes,Yes
WBGene00009396,clec-65,F35C5.8,235.99111299036286,9.412728602618278,55,54,True,False,Uncharacterised (no GO annotation),No,Yes
WBGene00008372,D1054.5,D1054.5,235.36108611173762,8.937841421449704,56,56,False,False,Uncharacterised (no GO annotation),No,Yes
WBGene00018874,tag-234,F55C12.7,225.20290376275153,9.815492372317307,57,49,True,False,Uncharacterised (no GO annotation),No,No
WBGene00011274,R53.5,R53.5,162.9104683093886,9.920931933110326,58,46,False,True,Other annotated function,No,Yes
WBGene00010810,M01F1.4,M01F1.4,142.14767481981806,10.578488784422289,59,44,False,True,Other annotated function,No,Yes
WBGene00012362,W09D10.4,W09D10.4,126.68522483615556,9.346330994016805,60,55,False,True,Other annotated function,Yes,Yes
WBGene00010842,ymel-1,M03C11.5,118.84233126126014,8.101192892544585,61,58,True,True,Folding/QC (census),No,Yes
